ID Code,Length,Sex,Omy1011,,Oki23,,One108,,Omy1191,,Omy1212,,Ots107,,
FC A 1998 0072,660,Female,141,161,152,156,186,198,221,279,210,254,207,280,
FC A 1998 0052,580,Female,141,181,156,180,186,248,244,252,218,283,290,290,
FC A 1998 0046,710,Female,141,189,140,152,190,198,225,252,232,238,296,404,
FC A 1998 0068,650,Female,141,189,152,168,203,248,244,252,218,232,290,440,
FC A 1998 0063,600,Female,141,189,156,168,190,198,256,279,220,287,280,304,
FC A 1998 0036,651,Female,157,193,136,152,178,215,217,225,254,279,304,422,
FC A 1998 0038,632,Female,189,193,168,172,190,190,221,252,222,230,207,394,
FC A 1998 0078,730,Female,193,193,156,180,186,194,244,263,224,238,295,440,
FC A 1998 0082,800,Female,145,201,152,172,194,207,263,271,198,222,185,296,
FC A 1998 0083,650,Male,141,149,132,152,186,194,244,248,218,254,290,370,
FC A 1998 0064,600,Male,141,193,148,172,190,198,256,263,242,287,199,402,
FC A 1998 0039,795,Male,161,193,144,172,186,248,307,311,226,230,394,422,
FC A 1998 0037,651,Male,181,193,148,156,186,203,221,256,222,240,304,385,
FC A 1998 0048,620,Male,189,193,136,172,190,207,221,240,222,226,284,394,
FC A 1998 0060,710,Male,189,197,168,172,198,215,225,240,287,287,201,207,
FC A 1998 0069,660,Male,141,201,152,180,198,248,217,263,222,232,185,312,
FC A 1998 0058,600,Male,141,205,144,172,190,215,225,256,220,234,201,292,
FC A 1998 0071,700,Male,193,225,180,180,194,248,229,252,218,244,290,370,
,,,,,,,,,,,,,,,
,,,,,,,,,,,,,,,
,,,,,,,,,,,,,,,
,,,,,,,,,,,,,,,
