ID Code,Omy1011,,Oki23,,One108,,Omy1191,,Omy1212,,Ots107,
FC J 1998 0200,193,193,172,172,190,248,252,311,222,230,207,394
FC J 1998 0219,141,193,140,172,186,198,225,307,230,238,404,422
FC J 1998 0242,157,161,136,144,178,248,225,307,226,279,394,422
FC J 1998 0256,181,193,148,180,186,203,221,263,222,224,295,304
FC J 1998 0328,161,201,144,172,186,207,271,311,198,230,185,394
FC J 1998 0346,141,145,132,152,194,194,244,271,222,254,185,290
FC J 1998 0362,189,193,168,180,186,198,225,244,238,287,207,440
FC J 1998 0365,141,161,156,172,190,198,221,263,210,242,207,402
FC J 1998 0377,201,201,152,180,194,248,263,263,198,232,185,185
FC J 1998 0403,141,193,152,180,194,203,244,252,232,244,290,290
