individual ID,pop,b1a,b1b,b2a,b2b,B7a,B7b,mnt1a,mnt1b,R11a,R11b,r16a,r16b,r3a,r3b,t12a,t12b,t23a,t23b,t50a,t50b
25,coal1,110,114,193,197,140,160,119,121,142,154,97,101,196,217,200,204,155,157,124,139
26,coal1,114,118,189,189,140,140,119,121,138,142,97,101,196,217,200,204,155,157,139,139
34,coal2,116,118,189,197,144,160,119,125,138,146,99,105,208,232,204,204,151,155,139,139
36,coal2,114,116,189,197,144,160,119,125,138,146,99,99,196,232,198,204,151,155,133,139
8,solo,114,122,197,201,156,160,121,121,142,154,91,95,226,229,198,202,155,157,133,139
44,solo,116,120,193,197,144,172,121,121,150,154,103,107,202,217,202,204,157,157,139,139
31,solo,114,118,185,193,140,144,121,123,138,154,93,101,196,205,202,202,151,153,127,139
56,solo,108,126,189,193,148,160,119,121,138,138,97,107,205,211,204,204,157,157,130,133
125,fem,124,124,193,197,148,160,121,121,138,154,99,101,214,217,202,204,157,157,130,139
1109,off,114,124,189,193,144,160,119,121,146,154,99,99,217,232,198,204,151,157,139,139
1113,off,116,124,193,197,160,160,121,125,146,154,99,101,217,232,198,204,155,157,130,133
1118,off,114,124,189,193,144,160,121,125,138,138,99,99,196,214,198,204,155,157,133,139
156,fem,114,116,193,201,152,164,119,121,138,138,95,109,217,226,202,202,157,157,139,145
1313,off,114,116,193,197,144,152,119,119,138,138,99,109,196,226,198,202,155,157,133,145
1316,off,114,114,189,201,144,164,119,125,138,138,95,99,217,232,202,204,151,157,139,145
1317,off,114,116,197,201,160,164,121,125,138,146,99,109,226,232,198,202,151,157,139,145
1319,off,116,116,189,201,152,160,119,121,138,146,95,99,226,232,198,202,151,157,133,145
119,fem,112,116,189,197,156,160,121,123,138,154,101,103,220,220,198,198,155,157,139,139
1156,off,110,116,193,197,156,160,119,121,138,154,101,103,196,220,198,200,155,157,124,139
1157,off,110,112,197,197,156,160,119,123,138,142,97,103,196,220,198,204,155,155,139,139
1159,off,110,112,197,197,140,160,121,121,154,154,97,103,217,220,198,200,155,157,124,139
1161,off,110,112,0,0,140,156,119,123,138,142,97,103,217,220,198,200,155,157,124,139
1163,off,110,112,189,197,160,160,119,121,154,154,97,103,196,220,198,200,155,157,139,139
1165,off,112,114,193,197,140,156,119,121,138,142,97,101,196,220,198,200,155,157,124,139
1167,off,110,116,189,197,140,156,119,121,138,154,97,101,196,220,198,200,157,157,124,139
120,fem,110,124,189,197,152,160,121,121,138,150,95,95,223,229,202,204,151,157,136,139
1189,off,110,114,189,197,152,160,119,121,138,154,95,101,217,223,204,204,157,157,124,139
1190,off,114,124,189,193,152,160,121,121,138,154,95,101,196,223,200,202,155,157,124,139
1192,off,114,124,197,193,152,160,119,121,142,150,95,97,217,223,200,202,157,157,124,139
1376,off,110,114,189,193,160,160,121,121,138,154,95,97,196,229,202,204,151,157,124,139
1379,off,114,124,189,193,140,152,119,121,138,142,0,0,196,229,200,202,151,155,124,136
1383,off,110,110,193,197,152,160,119,121,138,154,95,97,217,229,202,204,157,157,124,136
122,fem,120,120,201,201,136,168,121,121,138,150,101,101,211,217,202,204,157,157,130,136
1249,off,114,120,197,201,160,168,119,121,150,154,97,101,217,217,204,204,157,157,124,130
1250,off,110,120,193,201,160,168,119,121,142,150,101,101,211,217,200,204,157,157,124,136
1252,off,110,120,197,201,140,168,119,121,142,150,97,101,211,217,200,202,155,157,124,136
1253,off,110,120,197,201,136,160,119,121,138,142,97,101,217,217,204,204,157,157,124,136
1387,off,120,122,197,201,136,156,121,121,138,142,91,101,211,226,202,204,157,157,130,133
1388,off,120,122,197,201,136,160,121,121,138,142,95,101,211,226,202,202,155,157,130,133
1393,off,120,122,197,201,136,156,121,121,138,142,91,101,211,226,198,204,157,157,130,133
144,fem,116,118,185,201,140,148,119,121,138,138,93,95,217,220,202,206,157,157,139,142
1123,off,114,116,193,201,148,160,119,121,138,154,93,101,196,217,200,206,155,157,139,139
1124,off,110,118,193,201,140,148,119,121,138,154,93,101,196,217,200,202,157,157,124,139
1128,off,110,116,185,193,140,148,119,119,138,142,95,97,196,217,200,202,157,157,124,139
1132,off,110,118,193,201,148,160,121,121,138,154,95,101,217,217,202,204,157,157,124,142
1133,off,110,116,193,193,140,160,119,119,138,154,93,101,196,217,200,206,155,157,139,139
1134,off,110,118,197,201,148,160,119,121,138,154,95,101,217,217,200,202,155,157,139,139
1135,off,110,116,193,201,148,160,121,121,138,142,93,97,196,220,204,206,155,157,124,142
1137,off,114,116,185,193,140,140,119,121,138,142,95,97,196,217,204,206,155,157,124,142
150,fem,112,112,197,197,140,148,121,121,138,154,101,107,199,223,202,204,155,157,136,139
1213,off,112,120,197,197,144,148,121,121,154,154,101,103,202,223,202,202,155,157,136,139
1214,off,112,116,193,197,140,144,121,121,154,154,101,103,202,223,202,202,155,157,136,139
1215,off,112,116,197,197,144,148,121,121,154,154,101,107,202,223,202,204,155,157,136,139
